{
    "users": {
        "christina_g": {
            "userid": "christina_g",
            "pin": "1111",
            "checking": 2000.0,
            "savings": 11000.0,
            "name": "Christina"
        },
        "ricanontherun": {
            "userid": "ricanontherun",
            "pin": "1112",
            "checking": 8755.0,
            "savings": 7030.0,
            "name": "Christian"
        },
        "theintimidator": {
            "userid": "theintimidator",
            "pin": "1113",
            "checking": 1845.0,
            "savings": 112.0,
            "name": "Sean"
        },
        "jazzplusjazzequalsjazz": {
            "userid": "jazzplusjazzequalsjazz",
            "pin": "1114",
            "checking": 4489.0,
            "savings": 24000.0,
            "name": "Dan"
        }
    }
}